vereador;partido;situacao;votos_zona_norte;votos_total_sp;pct_dos_votos_do_vereador_na_zn;pct_do_total_zn
DANILO DO POSTO DE SAÚDE;PODE;ELEITO POR QP;52967;58676;90,27;5,18
FABIO RIVA;MDB;ELEITO POR QP;38382;44627;86,01;3,75
ANA CAROLINA OLIVEIRA;PODE;ELEITO POR QP;37490;129563;28,94;3,66
LUCAS PAVANATO;PL;ELEITO POR QP;34759;161386;21,54;3,40
SANDRA SANTANA;MDB;ELEITO POR QP;34245;38326;89,35;3,35
DR. MURILLO LIMA;PP;ELEITO POR QP;28723;113820;25,24;2,81
PAULO FRANGE;MDB;SUPLENTE;25104;35338;71,04;2,45
SARGENTO NANTES;PP;ELEITO POR QP;23077;112484;20,52;2,26
GUILHERME CORREA DO SALVE;UNIÃO;SUPLENTE;22710;24042;94,46;2,22
ELISEU GABRIEL;PSB;ELEITO POR QP;20713;30706;67,46;2,02
RUBINHO NUNES;UNIÃO;ELEITO POR QP;19871;101549;19,57;1,94
AMANDA PASCHOAL;PSOL;ELEITO POR QP;19290;108654;17,75;1,89
LUNA ZARATTINI;PT;ELEITO POR QP;17795;100921;17,63;1,74
ANDRÉ SANTOS;REPUBLICANOS;ELEITO POR MÉDIA;16688;41379;40,33;1,63
GABRIEL ABREU;PODE;ELEITO POR QP;16631;58581;28,39;1,63
LUANA ALVES;PSOL;ELEITO POR QP;13875;83262;16,66;1,36
PASTORA SANDRA ALVES;UNIÃO;ELEITO POR QP;13518;74192;18,22;1,32
MAJOR PALUMBO;PP;ELEITO POR MÉDIA;10784;43455;24,82;1,05
ZOE MARTINEZ;PL;ELEITO POR QP;10726;60272;17,80;1,05
CELSO GIANNAZI;PSOL;ELEITO POR QP;10320;57789;17,86;1,01
SONAIRA FERNANDES;PL;ELEITO POR QP;8515;33957;25,08;0,83
ELY TERUEL;MDB;ELEITO POR MÉDIA;8309;35622;23,33;0,81
PROFESSORA  LAINE DANIEL;REPUBLICANOS;SUPLENTE;8248;9203;89,62;0,81
TIÃO BEZERRA;PT;SUPLENTE;8184;9784;83,65;0,80
TRIPOLI;PV;ELEITO POR QP;8150;39039;20,88;0,80
SIMONE GANEM;PODE;ELEITO POR QP;8107;38540;21,04;0,79
ALEXANDRE PIRES;MDB;SUPLENTE;7477;12701;58,87;0,73
JANAINA PASCHOAL;PP;ELEITO POR QP;7210;48893;14,75;0,70
MANOEL DEL RIO;PT;SUPLENTE;7192;30292;23,74;0,70
KENJI PALUMBO;PODE;ELEITO POR MÉDIA;7141;32495;21,98;0,70
AMANDA VETTORAZZO;UNIÃO;ELEITO POR QP;7138;40144;17,78;0,70
RUTE COSTA;PL;ELEITO POR QP;6995;43090;16,23;0,68
HÉLIO RODRIGUES;PT;ELEITO POR QP;6859;40753;16,83;0,67
KEIT LIMA;PSOL;ELEITO POR MÉDIA;6550;27769;23,59;0,64
GILBERTO NASCIMENTO;PL;ELEITO POR MÉDIA;6543;22306;29,33;0,64
SILVINHO;UNIÃO;ELEITO POR QP;6320;53453;11,82;0,62
DIEGO LAUDANO;PRD;NÃO ELEITO;6150;11435;53,78;0,60
ALINE TORRES;MDB;SUPLENTE;6070;17724;34,25;0,59
NABIL BONDUKI;PT;ELEITO POR QP;6042;49540;12,20;0,59
CLÁUDIO FONSECA;PC do B;SUPLENTE;5934;29782;19,92;0,58
BIOTO NPN;PODE;SUPLENTE;5739;14993;38,28;0,56
SILVIA DA BANCADA FEMINISTA;PSOL;ELEITO POR QP;5705;34537;16,52;0,56
TENENTE BAHIA;PL;SUPLENTE;5413;12438;43,52;0,53
ADILSON AMADEU;UNIÃO;SUPLENTE;5296;24759;21,39;0,52
LUIZ PROTEÇÃO ANIMAL;PODE;SUPLENTE;5049;20638;24,46;0,49
JOÃO JORGE;MDB;ELEITO POR QP;5038;36296;13,88;0,49
MARLON LUZ;MDB;SUPLENTE;5035;25847;19,48;0,49
PROFESSOR TONINHO VESPOLI;PSOL;ELEITO POR QP;4755;34735;13,69;0,46
GERALDO DA BANCADA PERIFÉRICA;PT;SUPLENTE;4690;27186;17,25;0,46
THAMMY MIRANDA;PSD;ELEITO POR MÉDIA;4467;50234;8,89;0,44
ADRILLES JORGE;UNIÃO;ELEITO POR MÉDIA;4433;25038;17,71;0,43
AMANDA ZANOTTI;PT;SUPLENTE;4240;5445;77,87;0,41
ELI CORRÊA;UNIÃO;SUPLENTE;4206;24561;17,12;0,41
CESAR AZEVEDO;UNIÃO;SUPLENTE;4173;13432;31,07;0,41
ISAC FÉLIX;PL;ELEITO POR QP;4004;62275;6,43;0,39
IVONE SILVA;PT;SUPLENTE;3995;18878;21,16;0,39
CORONEL SALLES;PSD;SUPLENTE;3854;15682;24,58;0,38
SENIVAL MOURA;PT;ELEITO POR MÉDIA;3852;30480;12,64;0,38
YUDI WATANABE;UNIÃO;SUPLENTE;3830;4232;90,50;0,37
CARLOS BEZERRA JR;PSD;SUPLENTE;3761;37571;10,01;0,37
DELEGADO ROBERTO MONTEIRO;UNIÃO;SUPLENTE;3734;20828;17,93;0,37
DHEISON;PT;ELEITO POR QP;3713;30575;12,14;0,36
RENATA FALZONI;PSB;ELEITO POR QP;3671;30206;12,15;0,36
RAPHAEL LIMA;NOVO;SUPLENTE;3616;21707;16,66;0,35
DR EDSON DA PAIOL;PSB;SUPLENTE;3573;23325;15,32;0,35
DR. CALVO;PDT;NÃO ELEITO;3558;4544;78,30;0,35
RICARDO TEIXEIRA;UNIÃO;ELEITO POR QP;3536;31566;11,20;0,35
DÉBORA LIMA;PSOL;SUPLENTE;3465;23660;14,64;0,34
MARINA BRAGANTE;REDE;ELEITO POR QP;3442;39147;8,79;0,34
GEORGE HATO;MDB;ELEITO POR QP;3299;42837;7,70;0,32
CAROL IARA;PSOL;SUPLENTE;3233;20431;15,82;0,32
CLAUDETE ALVES COLETIVO VOZES;PT;SUPLENTE;3208;15676;20,46;0,31
RENATO BATTISTA;UNIÃO;SUPLENTE;3164;18453;17,15;0,31
ANDRÉ SOARES;UNIÃO;SUPLENTE;3156;17756;17,77;0,31
CRIS MONTEIRO;NOVO;ELEITO POR QP;3095;56904;5,44;0,30
SIMONE NASCIMENTO;PSOL;SUPLENTE;3076;10434;29,48;0,30
JAIR TATTO;PT;ELEITO POR QP;3068;30905;9,93;0,30
NOEMI NONATO;REPUBLICANOS;SUPLENTE;3025;12703;23,81;0,30
LÉO ÁQUILLA;MDB;SUPLENTE;3010;15958;18,86;0,29
SOLDADO MADALHANO;PODE;SUPLENTE;2996;12417;24,13;0,29
CAIO CLEMENTI;PODE;SUPLENTE;2985;15036;19,85;0,29
VANILDA ANUNCIAÇÃO;PT;SUPLENTE;2934;26097;11,24;0,29
ALE DO POSTO;AVANTE;NÃO ELEITO;2903;3576;81,18;0,28
ALESSANDRO GUEDES;PT;ELEITO POR QP;2844;58183;4,89;0,28
RICARDO MUTRAN;PDT;NÃO ELEITO;2831;3451;82,03;0,28
DRA NISE YAMAGUCHI;UNIÃO;SUPLENTE;2701;16554;16,32;0,26
CAPITÃO ALISSON;UNIÃO;SUPLENTE;2581;3283;78,62;0,25
ABOU ANNI;PODE;SUPLENTE;2493;17943;13,89;0,24
DANILO PÁSSARO;PSOL;SUPLENTE;2484;5586;44,47;0,24
LUIZ ALBERTO;MDB;SUPLENTE;2474;8346;29,64;0,24
HENRIQUE GOMES O BABY;MDB;SUPLENTE;2381;12961;18,37;0,23
JOÃO ANANIAS;PT;ELEITO POR QP;2376;33225;7,15;0,23
LAURA KAMIA;PSB;SUPLENTE;2375;3529;67,30;0,23
NETO ZAMBELLI;PL;SUPLENTE;2370;6100;38,85;0,23
CARLOS FERNANDES;SOLIDARIEDADE;NÃO ELEITO;2353;16871;13,95;0,23
PROFESSOR ALÊ;PL;SUPLENTE;2352;2860;82,24;0,23
SARGENTO PAULO DO PROERD;PODE;SUPLENTE;2304;2461;93,62;0,23
BRUNO TATUAPÉ CONCEITO;UNIÃO;SUPLENTE;2233;15967;13,99;0,22
CAIO LUZ;MDB;SUPLENTE;2209;16718;13,21;0,22
PROF BOBY SANTOS;AVANTE;NÃO ELEITO;2164;2226;97,21;0,21
NILO JEFFERSON;SOLIDARIEDADE;NÃO ELEITO;2123;2403;88,35;0,21
RICARDO HOLZ;PODE;SUPLENTE;2123;3494;60,76;0,21
DR. MILTON FERREIRA;PODE;ELEITO POR QP;2080;33493;6,21;0,20
RUBENS TELLES;PODE;SUPLENTE;2001;6277;31,88;0,20
OLEGÁRIO DA COMUNIDADE;PSB;SUPLENTE;1963;2205;89,02;0,19
DRA SANDRA TADEU;PL;ELEITO POR QP;1955;74511;2,62;0,19
CRIS SOARES;PRTB;NÃO ELEITO;1932;2296;84,15;0,19
LUCAS SORRILLO;MDB;SUPLENTE;1851;22897;8,08;0,18
DOUGLAS GARCIA;UNIÃO;SUPLENTE;1816;9357;19,41;0,18
PAULO KOGOS;UNIÃO;SUPLENTE;1810;11263;16,07;0,18
PAULA CALVO;MDB;SUPLENTE;1798;2601;69,13;0,18
FELIPE SERTANEJO;PL;SUPLENTE;1797;14607;12,30;0,18
RINALDI DIGILIO;UNIÃO;SUPLENTE;1783;21183;8,42;0,17
DANIEL JOSÉ;PODE;SUPLENTE;1769;12348;14,33;0,17
WILLIAM GOLD;PRTB;NÃO ELEITO;1765;2704;65,27;0,17
PROFESSOR RODNEY VICENTE;MDB;SUPLENTE;1764;3200;55,13;0,17
AURÉLIO NOMURA;PSD;SUPLENTE;1759;28216;6,23;0,17
MARCELO MESSIAS;MDB;ELEITO POR QP;1741;40079;4,34;0,17
EDINHO SANTANA;PSOL;SUPLENTE;1736;9141;18,99;0,17
SANSÃO PEREIRA;REPUBLICANOS;ELEITO POR QP;1681;42229;3,98;0,16
CHIRLEY PANKARÁ;PSOL;SUPLENTE;1635;9599;17,03;0,16
ELAINE DO QUILOMBO PERIFÉRICO;PSOL;SUPLENTE;1552;15615;9,94;0,15
MARQUITO;REPUBLICANOS;SUPLENTE;1515;4801;31,56;0,15
WALDIR JUNIOR;SOLIDARIEDADE;NÃO ELEITO;1491;11302;13,19;0,15
PROFESSOR MARCELO NASCIMENTO;SOLIDARIEDADE;NÃO ELEITO;1430;3323;43,03;0,14
PATRICIA BELLI;PL;SUPLENTE;1421;1614;88,04;0,14
TENENTE NASCIMENTO;PL;SUPLENTE;1349;8598;15,69;0,13
LEANDRO GIMENEZ;PSDB;NÃO ELEITO;1318;3445;38,26;0,13
LINCOLN BAILHÃO;NOVO;SUPLENTE;1316;1462;90,01;0,13
BETO DO SOCIAL;PODE;SUPLENTE;1308;15081;8,67;0,13
PROFESSORA FLAVIA;PSTU;NÃO ELEITO;1291;2252;57,33;0,13
LUCIANO BARBOSA;PT;SUPLENTE;1289;9087;14,19;0,13
RAIMUNDO BONFIM;PT;SUPLENTE;1285;15235;8,43;0,13
GIL DO CELULAR;PRD;NÃO ELEITO;1242;1261;98,49;0,12
CARLA BILYNSKYJ;PL;SUPLENTE;1228;6953;17,66;0,12
RODRIGO DO MANDATO ANIMAL;PDT;NÃO ELEITO;1221;7298;16,73;0,12
LÉO ROBERTO;MDB;SUPLENTE;1198;2187;54,78;0,12
RAFAEL LABIAPARI;PRTB;NÃO ELEITO;1197;3021;39,62;0,12
JORGE WILSON FILHO;REPUBLICANOS;SUPLENTE;1178;7442;15,83;0,12
ALEMÃO DU GÁS TCHÊTCHETCHEEEE;NOVO;SUPLENTE;1171;1256;93,23;0,11
FIDELES;REPUBLICANOS;SUPLENTE;1152;6196;18,59;0,11
JOSÉ AMÉRICO;PT;SUPLENTE;1150;11358;10,13;0,11
SALOMÃO AUGUSTO;PL;SUPLENTE;1137;1246;91,25;0,11
RODRIGO GOULART;PSD;ELEITO POR QP;1137;58715;1,94;0,11
OLIVEIRA;PSD;SUPLENTE;1136;16550;6,86;0,11
SANDRÃO RZO;PT;SUPLENTE;1134;3985;28,46;0,11
ALESSANDRA;PRTB;NÃO ELEITO;1102;1621;67,98;0,11
COSTA E SILVA;PRTB;NÃO ELEITO;1096;7401;14,81;0,11
ALEXANDRE GENTIL;SOLIDARIEDADE;NÃO ELEITO;1085;3279;33,09;0,11
PR RICARDO ROCHA;PRD;NÃO ELEITO;1076;1151;93,48;0,11
NEON CUNHA;PSOL;SUPLENTE;1070;8224;13,01;0,10
VINI LIMA;PSOL;SUPLENTE;1066;4643;22,96;0,10
CARMEN SILVA;PSB;SUPLENTE;1036;9781;10,59;0,10
LEONARDO GRANDINI;PSOL;SUPLENTE;1032;5583;18,48;0,10
FABIO DO REAGE SP;PL;SUPLENTE;1024;1732;59,12;0,10
DIRCEU CARAMASCHI;UNIÃO;SUPLENTE;1023;17224;5,94;0,10
MARA LEANDRO;PDT;NÃO ELEITO;986;1190;82,86;0,10
NADJA SANTOS;MDB;SUPLENTE;978;1073;91,15;0,10
RAMALHO DA CONSTRUÇÃO;PSB;SUPLENTE;974;9521;10,23;0,10
SILVÃO LEITE;UNIÃO;ELEITO POR QP;962;63988;1,50;0,09
VANESSA DO ROSAS;PP;SUPLENTE;955;1211;78,86;0,09
JORNALISTA CLAUDIO SANTOS;SOLIDARIEDADE;NÃO ELEITO;941;1153;81,61;0,09
ANDRÉ YE;PSB;SUPLENTE;941;9267;10,15;0,09
LARI AGOSTINI;PSB;SUPLENTE;918;2898;31,68;0,09
VERA LINS;PRTB;NÃO ELEITO;899;967;92,97;0,09
ZILU CAMARGO;UNIÃO;SUPLENTE;894;4579;19,52;0,09
EDIR SALES;PSD;ELEITO POR QP;888;58190;1,53;0,09
PASTOR ROBERTO FELICIANO;PL;SUPLENTE;882;4987;17,69;0,09
VALDOMIRO DA SAÚDE;PSOL;SUPLENTE;875;1606;54,48;0,09
GRINGO MOTOKA;PSB;SUPLENTE;872;6647;13,12;0,09
GILSON BARRETO;MDB;SUPLENTE;863;18626;4,63;0,08
COMANDANTE FARINAZZO;PDT;NÃO ELEITO;861;3790;22,72;0,08
ADRIANO DIOGO;PT;SUPLENTE;812;12648;6,42;0,08
DR ADRIANO;PT;SUPLENTE;807;15493;5,21;0,08
MARQUINHO DO PÉ NA COVA;SOLIDARIEDADE;NÃO ELEITO;800;843;94,90;0,08
HEITOR ALVES;UNIÃO;SUPLENTE;796;1424;55,90;0,08
ERNESTO TEIXEIRA;MDB;SUPLENTE;792;3496;22,65;0,08
DR AUDALIO PAULO DA ADVOCACIA;AVANTE;NÃO ELEITO;780;843;92,53;0,08
GARIB;PL;SUPLENTE;769;1854;41,48;0,08
FIDELCINO DOS SANTOS SOUZA;PSB;SUPLENTE;768;836;91,87;0,08
MICHAEL NICMAVAN;PP;SUPLENTE;764;3928;19,45;0,07
FERNANDA ALVES;UNIÃO;SUPLENTE;759;3412;22,25;0,07
DEYCON SILVA;PODE;SUPLENTE;741;3312;22,37;0,07
ADVOGADO EWERTON;PODE;SUPLENTE;738;3850;19,17;0,07
RICARDO MELLÃO;NOVO;SUPLENTE;721;10574;6,82;0,07
VILAR;PRTB;NÃO ELEITO;714;3241;22,03;0,07
GIVANILDO GONÇALVES;PT;SUPLENTE;711;2100;33,86;0,07
NUNES PEIXEIRO;MDB;SUPLENTE;705;30385;2,32;0,07
MILTÃO;PT;SUPLENTE;699;852;82,04;0,07
MARCELO AGUIAR;PODE;SUPLENTE;698;3935;17,74;0,07
JR FREITAS;PSOL;SUPLENTE;694;4093;16,96;0,07
MARIO COVAS NETO;PSDB;NÃO ELEITO;692;5825;11,88;0,07
JUAN SOTO;UNIÃO;SUPLENTE;689;782;88,11;0,07
SOUZA SANTOS;PRTB;NÃO ELEITO;682;2933;23,25;0,07
JUSSARA BASSO;PSB;SUPLENTE;665;3653;18,20;0,07
SERGIO BUSTAMANTE;PL;SUPLENTE;654;926;70,63;0,06
DRA VERUSKA;PRD;NÃO ELEITO;639;1916;33,35;0,06
JANAINA LIMA;PP;SUPLENTE;639;12215;5,23;0,06
LÉIA CHIEZA;UNIÃO;SUPLENTE;636;789;80,61;0,06
CLAUDIA VISONI;PV;SUPLENTE;625;6006;10,41;0,06
TANDARA DO VÔLEI;PL;SUPLENTE;619;1896;32,65;0,06
SARGENTO CAVALCANTI;PSD;SUPLENTE;608;3696;16,45;0,06
SALOMÃO DO TAXI;PL;SUPLENTE;603;2846;21,19;0,06
DEIAZULU;PT;SUPLENTE;603;1943;31,03;0,06
CORINGA;PDT;NÃO ELEITO;594;3634;16,35;0,06
OTA;PODE;SUPLENTE;594;12480;4,76;0,06
SIBELI NICOLA;REPUBLICANOS;SUPLENTE;592;3586;16,51;0,06
RODRIGO DE MORAIS;SOLIDARIEDADE;NÃO ELEITO;590;6360;9,28;0,06
IGOR PROGRESSO;PRTB;NÃO ELEITO;581;782;74,30;0,06
ARMANDINHO FERREIRO;MDB;SUPLENTE;580;4999;11,60;0,06
THAÍSE LIMA;PRTB;NÃO ELEITO;576;2949;19,53;0,06
VALENTIM JUNIOR;PSDB;NÃO ELEITO;573;619;92,57;0,06
DOUGLAS MELO;SOLIDARIEDADE;NÃO ELEITO;571;925;61,73;0,06
ROGÉRIO MINHA JÓIA;SOLIDARIEDADE;NÃO ELEITO;570;2091;27,26;0,06
DANIEL VIEIRA;PRD;NÃO ELEITO;566;763;74,18;0,06
ERIK;PT;SUPLENTE;563;4327;13,01;0,06
DR EDU;PL;SUPLENTE;560;2813;19,91;0,05
WASHINGTON DA FARMÁCIA;PRD;NÃO ELEITO;554;662;83,69;0,05
IVA BATISTA;REPUBLICANOS;SUPLENTE;550;669;82,21;0,05
ALESSANDRO FATTIOLI;PSD;SUPLENTE;540;3028;17,83;0,05
APÓSTOLO MESSIAS;PDT;NÃO ELEITO;538;610;88,20;0,05
ROBERTO LATA;PRTB;NÃO ELEITO;534;6760;7,90;0,05
DR CLAUDIO SANTOS;PSD;SUPLENTE;530;612;86,60;0,05
CAMURÇA;PSDB;NÃO ELEITO;528;676;78,11;0,05
COMANDANTE ELZA;MDB;SUPLENTE;520;3359;15,48;0,05
BOAVENTURA;MDB;SUPLENTE;517;3393;15,24;0,05
DR. BASILIO ;PDT;NÃO ELEITO;516;2165;23,83;0,05
RAFAEL PINHEIRO;NOVO;SUPLENTE;508;691;73,52;0,05
LIGIA MENDES;UP;NÃO ELEITO;507;4095;12,38;0,05
DALCIDES NETO;MDB;SUPLENTE;506;12102;4,18;0,05
DR WENDEL SANTIAGO;REPUBLICANOS;SUPLENTE;505;955;52,88;0,05
PR ELIGIO SANTANA;PSB;SUPLENTE;493;762;64,70;0,05
ENFERMEIRA JOANA PAZ;PDT;NÃO ELEITO;490;666;73,57;0,05
JU QUEIROZ;PDT;NÃO ELEITO;482;550;87,64;0,05
TENENTE BISPO;PODE;SUPLENTE;482;583;82,68;0,05
ANDRÉ SOUZA;REPUBLICANOS;SUPLENTE;457;30656;1,49;0,04
RICARDO FABRÍZIO;PODE;SUPLENTE;450;4563;9,86;0,04
PROFESSOR SALVE JORGE;PDT;NÃO ELEITO;444;758;58,58;0,04
LIVIA FIDELIX;PRTB;NÃO ELEITO;443;3641;12,17;0,04
NERIVAN SILVA;MDB;SUPLENTE;440;2553;17,23;0,04
PROFESSOR ARMANDO BEGA;PL;SUPLENTE;438;2805;15,61;0,04
DEMOLIDOR;PRD;NÃO ELEITO;438;727;60,25;0,04
PROF. ADRIANA VASCONCELLOS;MDB;SUPLENTE;436;1003;43,47;0,04
MARQUINHOS SENSAÇÃO;MDB;SUPLENTE;434;2366;18,34;0,04
RAMIREZ LOPES;MDB;SUPLENTE;432;1859;23,24;0,04
ADRIANA DAINEZI;PRTB;NÃO ELEITO;430;2767;15,54;0,04
INGRID SOARES;REDE;SUPLENTE;428;725;59,03;0,04
EMBAIXADOR PAULO KOBAYASHI;PSD;SUPLENTE;425;1074;39,57;0,04
MAYARA TORRES;PSB;SUPLENTE;425;5093;8,34;0,04
ALEXANDRE CORREA;AVANTE;NÃO ELEITO;423;2246;18,83;0,04
ROSA;SOLIDARIEDADE;NÃO ELEITO;423;438;96,58;0,04
CAROL VIGLIAR;UP;NÃO ELEITO;421;2146;19,62;0,04
DR. ALCY;PRD;NÃO ELEITO;416;667;62,37;0,04
SHEIK RODRIGO JALLOUL;PT;SUPLENTE;412;3880;10,62;0,04
DANY OLIVEIRA;UP;NÃO ELEITO;406;2448;16,58;0,04
AGRIPINO JR BANCADA DOS LGBT;PSOL;SUPLENTE;401;1013;39,59;0,04
CORONEL DJALMA;PRTB;NÃO ELEITO;398;2411;16,51;0,04
GRAZI E BANCADA COMUNISTA;PSTU;NÃO ELEITO;391;1305;29,96;0,04
PADRE DA FIEL;MDB;SUPLENTE;386;765;50,46;0,04
ARSELINO TATTO;PT;SUPLENTE;386;29105;1,33;0,04
GARI ESTER LOPES;UNIÃO;SUPLENTE;382;1470;25,99;0,04
QUITO FORMIGA;MDB;SUPLENTE;382;2862;13,35;0,04
CEBOLA DO COLETIVO EGRÉGORA;AVANTE;NÃO ELEITO;381;514;74,12;0,04
EDSON SILVA;PSOL;SUPLENTE;377;2600;14,50;0,04
DIRETOR ELIAS JUNIOR;PRD;NÃO ELEITO;370;2689;13,76;0,04
MIGUEL BOLSONARISTA;PL;SUPLENTE;369;1665;22,16;0,04
LUCIANA TRINDADE;PSB;SUPLENTE;365;3069;11,89;0,04
SALETE CAMPARI;PT;SUPLENTE;363;2451;14,81;0,04
PROFESSOR LEIZ DA SILVA ROSA;PDT;NÃO ELEITO;362;415;87,23;0,04
EDUARDO LEITE;PSDB;NÃO ELEITO;359;1992;18,02;0,04
JONAS REIS;PSB;SUPLENTE;357;3352;10,65;0,03
PROFESSOR BRENO;PDT;NÃO ELEITO;357;490;72,86;0,03
CRISTIANE MENDES;PV;SUPLENTE;357;518;68,92;0,03
ANTONIO RAGO;PSD;SUPLENTE;355;1149;30,90;0,03
SANDRA PETITTO;PL;SUPLENTE;351;1764;19,90;0,03
VETERINÁRIO WILSON GRASSI;PRTB;NÃO ELEITO;347;2777;12,50;0,03
FARIA DE SÁ;REPUBLICANOS;SUPLENTE;346;5274;6,56;0,03
PATRÍCIA GAMA;PSB;SUPLENTE;346;3151;10,98;0,03
SANTO LEGALIZA;PSOL;SUPLENTE;344;1939;17,74;0,03
SIDNEY CRUZ;MDB;ELEITO POR QP;342;42988;0,80;0,03
MARIANA ROTTA;PSB;SUPLENTE;342;2016;16,96;0,03
EDILENE LURA;UNIÃO;SUPLENTE;341;4449;7,66;0,03
TIAGO LUZ;PDT;NÃO ELEITO;339;2680;12,65;0,03
CORONEL JOSÉ ROBERTO;PSDB;NÃO ELEITO;339;1255;27,01;0,03
DRA. FLOR;SOLIDARIEDADE;NÃO ELEITO;338;381;88,71;0,03
MARIA DA NATIVIDADE;PT;SUPLENTE;338;882;38,32;0,03
ROBERTA DO TRANSPORTE;UNIÃO;SUPLENTE;334;1337;24,98;0,03
POLICIAL MACHADO;REPUBLICANOS;SUPLENTE;327;1463;22,35;0,03
PROFESSORA NILVA;SOLIDARIEDADE;NÃO ELEITO;325;352;92,33;0,03
WILLIAM CALLEGARO;PSB;SUPLENTE;322;3144;10,24;0,03
RODOLFO DESPACHANTE;UNIÃO;SUPLENTE;312;4573;6,82;0,03
TON COELHO;PSB;SUPLENTE;309;412;75,00;0,03
ELISA NASCIMENTO;PT;SUPLENTE;306;1891;16,18;0,03
BRUNINHO DO POVO;PRD;NÃO ELEITO;304;354;85,88;0,03
CIDO DA COMUNIDADE;PDT;NÃO ELEITO;301;477;63,10;0,03
EDUARDO VIDAL;PSB;SUPLENTE;300;1979;15,16;0,03
MARIANA FELIX;PSOL;SUPLENTE;299;1963;15,23;0,03
DORA;PRTB;NÃO ELEITO;299;356;83,99;0,03
LILIAN BOMFIM;PDT;NÃO ELEITO;297;357;83,19;0,03
CECILIA BEZERRA;PSB;SUPLENTE;297;752;39,49;0,03
MARIO FITNESS;PRTB;NÃO ELEITO;296;399;74,19;0,03
JANETE OLIVEIRA;PDT;NÃO ELEITO;294;812;36,21;0,03
LUZIA VIDICA;MOBILIZA;NÃO ELEITO;293;425;68,94;0,03
PAULO VIEIRA;PL;SUPLENTE;292;1509;19,35;0,03
VALDO DA COMUNIDADE;PSDB;NÃO ELEITO;291;412;70,63;0,03
KAROLINA OLIVEIRA;PODE;SUPLENTE;290;330;87,88;0,03
WILLIAM WAGNER;NOVO;SUPLENTE;287;452;63,50;0,03
SOL SCAPELLE;PSDB;NÃO ELEITO;285;334;85,33;0,03
PR. BITTENCOURT DE MADUREIRA;AVANTE;NÃO ELEITO;284;4165;6,82;0,03
PR JOÃO BATISTA;PDT;NÃO ELEITO;284;349;81,38;0,03
LEO;PSB;SUPLENTE;284;480;59,17;0,03
CLAUDIA BARONESA COLETIVO 011;REPUBLICANOS;SUPLENTE;282;1759;16,03;0,03
JAILSON;PSB;SUPLENTE;280;5042;5,55;0,03
DIEGO DEL RIO;REPUBLICANOS;SUPLENTE;278;1434;19,39;0,03
NETI ARAÚJO;PT;SUPLENTE;278;1954;14,23;0,03
MORGANA SIQUEIRA;AVANTE;NÃO ELEITO;271;1813;14,95;0,03
CAMILO CRISTOFARO;PODE;NÃO ELEITO;270;7197;3,75;0,03
HUGO DANTAS;NOVO;SUPLENTE;268;567;47,27;0,03
JADSON SILVA;NOVO;SUPLENTE;267;441;60,54;0,03
MARCOS EDUARDO;NOVO;SUPLENTE;266;1415;18,80;0,03
JOICE HASSELMANN;PODE;SUPLENTE;265;1673;15,84;0,03
KAREN VASCONCELLOS;PRTB;NÃO ELEITO;263;1230;21,38;0,03
REPÓRTER  CARLOS CAVALCANTE;REPUBLICANOS;SUPLENTE;263;1514;17,37;0,03
ADAUTO DO TRANSPORTE;AVANTE;NÃO ELEITO;261;554;47,11;0,03
ARI FRIEDENBACH;PSOL;SUPLENTE;260;1780;14,61;0,03
LEANDRO MOFSOVICH;NOVO;SUPLENTE;254;1390;18,27;0,02
CÉLINHA ASSUMPÇÃO;PT;SUPLENTE;253;4332;5,84;0,02
GUILHERME BRITO;PSDB;NÃO ELEITO;245;1990;12,31;0,02
LEO CESAR;DC;NÃO ELEITO;244;432;56,48;0,02
ABDUL JAROUR;PSB;SUPLENTE;243;1722;14,11;0,02
CAMILA MOREIRA;PL;SUPLENTE;243;1459;16,66;0,02
SUZANA DO VAL;PL;SUPLENTE;242;1681;14,40;0,02
MARCO MARTINS;REDE;SUPLENTE;242;1881;12,87;0,02
ISRAEL SCHUMARKER;AVANTE;NÃO ELEITO;242;256;94,53;0,02
EDSON SALOMÃO;REPUBLICANOS;SUPLENTE;241;672;35,86;0,02
PRI TAPIA;UNIÃO;SUPLENTE;241;4665;5,17;0,02
MARCOS DO COLETIVO LUIZ GAMA;PSOL;SUPLENTE;240;2180;11,01;0,02
VERONICA BILYK;PSB;SUPLENTE;238;3369;7,06;0,02
ELI RANGEL;PL;SUPLENTE;235;339;69,32;0,02
MARA CORRÊA;MDB;SUPLENTE;233;712;32,72;0,02
LUCIANA SANTOS;CIDADANIA;NÃO ELEITO;230;255;90,20;0,02
CAPITÃ LUCENA;PL;SUPLENTE;223;1341;16,63;0,02
EVANDRO GUEDES;MDB;SUPLENTE;221;1487;14,86;0,02
CAMARADA JANDERSON;PCB;NÃO ELEITO;219;689;31,79;0,02
MATEUS CAMARINHA;PSD;SUPLENTE;218;295;73,90;0,02
MONTEIRO;PSDB;NÃO ELEITO;217;966;22,46;0,02
SILAS QUIVEN;PL;SUPLENTE;216;236;91,53;0,02
MICHELLE CAVALCANTE;PSB;SUPLENTE;214;656;32,62;0,02
IGOR GRAXA;PDT;NÃO ELEITO;214;249;85,94;0,02
AILTON NOVENTA;PRTB;NÃO ELEITO;213;2103;10,13;0,02
PROF MANDUCA DA RADIOLOGIA;AVANTE;NÃO ELEITO;213;607;35,09;0,02
GABRIEL MEDEIROS PELOS ANIMAIS;PSOL;SUPLENTE;212;1070;19,81;0,02
JUAREZ PEREIRA;UNIÃO;SUPLENTE;212;15020;1,41;0,02
CLOVIS REIS;DC;NÃO ELEITO;210;229;91,70;0,02
SANDRA PEDROSA;PRD;NÃO ELEITO;209;236;88,56;0,02
SARGENTO GALESCO;PODE;SUPLENTE;205;3628;5,65;0,02
SUB. DONIZETE;AVANTE;NÃO ELEITO;205;361;56,79;0,02
CARLOS AQUINO;PT;SUPLENTE;204;1267;16,10;0,02
MARI GOUVEIA;PL;SUPLENTE;204;663;30,77;0,02
PROFESSOR RONAN GOULART;PDT;NÃO ELEITO;204;240;85,00;0,02
ANTONIO PAITROCINADOREVOLTADO;PL;SUPLENTE;204;1037;19,67;0,02
GERALDO RIBEIRO;PSB;SUPLENTE;203;1669;12,16;0,02
LEANDRO CRUZ;PRTB;NÃO ELEITO;203;385;52,73;0,02
FLAVIO ALMEIDA;REPUBLICANOS;SUPLENTE;203;2657;7,64;0,02
DUDU CAMARGO;REPUBLICANOS;SUPLENTE;201;1324;15,18;0,02
MAGNATA DO LANCHE;REPUBLICANOS;SUPLENTE;199;270;73,70;0,02
MARCÃO DO ESPORTE;PV;SUPLENTE;199;569;34,97;0,02
ZITO UNIÃO TAXISTAS SP;REPUBLICANOS;SUPLENTE;197;952;20,69;0,02
MÃE SU DE NÃNÃ;PSOL;SUPLENTE;196;988;19,84;0,02
PATRICIA NUNES;REDE;SUPLENTE;195;2749;7,09;0,02
DJ VADÃO DA TOCO;PODE;SUPLENTE;195;1521;12,82;0,02
DR. IGOR PETRELIS;PRTB;NÃO ELEITO;195;430;45,35;0,02
HENRY KADIMA;PL;SUPLENTE;194;2002;9,69;0,02
JADY VERISSIMO;PSB;SUPLENTE;191;2164;8,83;0,02
ADAM MAAMARI;PL;SUPLENTE;190;1089;17,45;0,02
PASTOR MANOEL CRUZ;SOLIDARIEDADE;NÃO ELEITO;187;234;79,91;0,02
SERGIO ROBERTO;PP;SUPLENTE;182;1220;14,92;0,02
MARCIO RIBEIRO;PP;SUPLENTE;180;307;58,63;0,02
VIVIANE MORAES;PDT;NÃO ELEITO;180;493;36,51;0,02
ANTÔNIO ALVES;PSB;SUPLENTE;174;1263;13,78;0,02
TONY SANTTANA;AVANTE;NÃO ELEITO;174;1752;9,93;0,02
CAROL ROSA;NOVO;SUPLENTE;172;369;46,61;0,02
GENERAL PETERNELLI;UNIÃO;SUPLENTE;170;1729;9,83;0,02
VIVI CAPUTTI;UNIÃO;SUPLENTE;166;3089;5,37;0,02
DALTON ALVES;NOVO;SUPLENTE;162;286;56,64;0,02
MENDES;PSDB;NÃO ELEITO;161;191;84,29;0,02
MARCELO VIOLA;UP;NÃO ELEITO;161;598;26,92;0,02
DANILO BIFONE;PDT;NÃO ELEITO;156;1211;12,88;0,02
SORAIA MARTINS;MOBILIZA;NÃO ELEITO;156;1567;9,96;0,02
FIRMINO CORDEIRO;SOLIDARIEDADE;NÃO ELEITO;155;184;84,24;0,02
VI MORAES;AVANTE;NÃO ELEITO;154;209;73,68;0,02
ITO;SOLIDARIEDADE;NÃO ELEITO;153;299;51,17;0,01
CAIO CABELEIRA;PODE;SUPLENTE;151;1600;9,44;0,01
SILVIO OLIVEIRA;PSD;SUPLENTE;151;8918;1,69;0,01
BISPA ZILDENE CARVALHO;PT;SUPLENTE;151;1009;14,97;0,01
DUDU CATADOR;PDT;NÃO ELEITO;149;629;23,69;0,01
SANDRA RAMALHOSO;PSOL;SUPLENTE;149;1173;12,70;0,01
LINDA BASILIO;PL;SUPLENTE;149;291;51,20;0,01
GARRY DO POVO;PT;SUPLENTE;149;420;35,48;0,01
JOÃO GARCIA;MOBILIZA;NÃO ELEITO;147;834;17,63;0,01
PROFESSORA REVYEUX;PSOL;SUPLENTE;147;935;15,72;0,01
CESINHA;AVANTE;NÃO ELEITO;147;1179;12,47;0,01
CLAUDINHO DE OLIVEIRA;PDT;NÃO ELEITO;146;641;22,78;0,01
WELINGTON CAMARGO;AVANTE;NÃO ELEITO;145;746;19,44;0,01
PROF. MÁRCIO;SOLIDARIEDADE;NÃO ELEITO;145;224;64,73;0,01
MC TIOZINHO;SOLIDARIEDADE;NÃO ELEITO;145;155;93,55;0,01
ROBERTO VALENÇA;MDB;SUPLENTE;143;1710;8,36;0,01
MUKINHA;NOVO;SUPLENTE;142;240;59,17;0,01
IRENISE DE SOUSA;DC;NÃO ELEITO;140;314;44,59;0,01
DOMENICO CARONE;PDT;NÃO ELEITO;139;508;27,36;0,01
VERONICA;PDT;NÃO ELEITO;139;162;85,80;0,01
EVANDO REIS ;PDT;NÃO ELEITO;139;484;28,72;0,01
MÃE TELMA;PC do B;SUPLENTE;137;643;21,31;0,01
ALFREDO LIMA;NOVO;SUPLENTE;136;252;53,97;0,01
CARLOS CUNHA;CIDADANIA;NÃO ELEITO;134;208;64,42;0,01
DENISE DO  RANCHO;REPUBLICANOS;SUPLENTE;133;3545;3,75;0,01
CABO DAVID;NOVO;SUPLENTE;132;279;47,31;0,01
ADERITO DUTRA;PSOL;SUPLENTE;131;883;14,84;0,01
ROGÉRIO GRAFT;MDB;SUPLENTE;129;4117;3,13;0,01
LAERCIO DOS PASSAGEIROS;MDB;SUPLENTE;128;568;22,54;0,01
DAL SILVA;PSOL;SUPLENTE;127;1913;6,64;0,01
MARCELLA SIMÕES;MDB;SUPLENTE;127;1279;9,93;0,01
GUSTAVO MATOS;UP;NÃO ELEITO;124;798;15,54;0,01
MULHERES EM AÇÃO COLETIVA;PSB;SUPLENTE;123;732;16,80;0,01
AZZONI;REPUBLICANOS;SUPLENTE;121;736;16,44;0,01
CABO VIVIANE PALMERO;PRTB;NÃO ELEITO;121;1194;10,13;0,01
LEILIANE MULHER MARAVILHA;SOLIDARIEDADE;NÃO ELEITO;120;187;64,17;0,01
DR. DAVID ZYLBERGELD NETO;PL;SUPLENTE;119;999;11,91;0,01
PASTORA DO CARMO MENDONZA;DC;NÃO ELEITO;117;138;84,78;0,01
MARCUS VINICIUS PUJOL;PT;SUPLENTE;116;566;20,49;0,01
JOSMAR DO PRATO;PSDB;NÃO ELEITO;115;424;27,12;0,01
GERALDO GERALDINHO;MOBILIZA;NÃO ELEITO;114;597;19,10;0,01
ROBERTA OLIVEIRA;NOVO;SUPLENTE;113;302;37,42;0,01
PROF AMARO;AVANTE;NÃO ELEITO;113;348;32,47;0,01
PROFESSORA FÁTIMA;PSB;SUPLENTE;112;622;18,01;0,01
EDUARDO DOURADO;PRD;NÃO ELEITO;111;806;13,77;0,01
DIEGO CASTRO;PL;SUPLENTE;111;675;16,44;0,01
TADALA;PP;SUPLENTE;110;556;19,78;0,01
DANIEL DA ORPAS;MDB;SUPLENTE;109;2012;5,42;0,01
PROF HERBERT MELO;PSB;SUPLENTE;109;2202;4,95;0,01
ROQUE COLETIVO PSB UNIDOS SP;PSB;SUPLENTE;109;2339;4,66;0,01
GUILHERME GONZALEZ;REPUBLICANOS;SUPLENTE;106;2820;3,76;0,01
VALADÃO DA NORTE;UNIÃO;SUPLENTE;105;183;57,38;0,01
DRA PATRICIA SILVESTRI;MDB;SUPLENTE;104;319;32,60;0,01
BIANCA PIMENTA;PRTB;NÃO ELEITO;104;590;17,63;0,01
CAROL DO PENTEADO;MDB;SUPLENTE;104;159;65,41;0,01
BOMBEIRO CAPUTO;DC;NÃO ELEITO;103;183;56,28;0,01
CELSO SILVINO COLET. RENOVAÇÃO;PP;SUPLENTE;103;2132;4,83;0,01
FELIPE CEGUINHO;DC;NÃO ELEITO;103;266;38,72;0,01
PRETO DE DIREITA;NOVO;SUPLENTE;100;434;23,04;0,01
MAICON SULIVAN;MOBILIZA;NÃO ELEITO;99;591;16,75;0,01
TATI MALHEIROS;NOVO;SUPLENTE;97;1766;5,49;0,01
CINTIA RACHAS;PP;SUPLENTE;96;348;27,59;0,01
VINICIUS SCHAEFER;PODE;SUPLENTE;96;776;12,37;0,01
EDNELSON PACHECO;PDT;NÃO ELEITO;95;2487;3,82;0,01
SIDNEY STAHL;NOVO;SUPLENTE;95;716;13,27;0,01
THIAGO AUGUSTO;PODE;SUPLENTE;92;112;82,14;0,01
CORONEL CASTRO;SOLIDARIEDADE;NÃO ELEITO;92;594;15,49;0,01
CAPITÃO AMÉRICA DE PAULA;PODE;SUPLENTE;92;4382;2,10;0,01
CYNTHIA MICHELS;PSD;SUPLENTE;92;952;9,66;0,01
SOLANGE BENEIT;PSOL;SUPLENTE;91;539;16,88;0,01
MALLU MATTOS;UNIÃO;SUPLENTE;89;1281;6,95;0,01
DR TITO MUDA SP;PSB;SUPLENTE;89;1292;6,89;0,01
TANIA SINAL VERDE PARA OS PCDS;PRD;NÃO ELEITO;89;1025;8,68;0,01
TARGA;PSDB;NÃO ELEITO;88;228;38,60;0,01
FATIMA ALVES;PL;SUPLENTE;87;952;9,14;0,01
TAKEDA;PRD;NÃO ELEITO;87;801;10,86;0,01
PEDAGOGA MARTA LOPES;PSOL;SUPLENTE;87;1262;6,89;0,01
CHRISTIAN FABALET;PDT;NÃO ELEITO;87;1015;8,57;0,01
PASTOR GUINA;PL;SUPLENTE;87;1025;8,49;0,01
PASTOR EDY DA HORA;DC;NÃO ELEITO;86;92;93,48;0,01
RAMIRO MARINHO;AVANTE;NÃO ELEITO;86;510;16,86;0,01
DRA NOEMIA FONSECA;DC;NÃO ELEITO;85;135;62,96;0,01
ROBERTO PIRES;PL;SUPLENTE;85;1600;5,31;0,01
CLEBER JACOB;SOLIDARIEDADE;NÃO ELEITO;85;440;19,32;0,01
NEIA ARANTES;PSDB;NÃO ELEITO;85;1075;7,91;0,01
CARMEM PORTELA;PODE;SUPLENTE;85;593;14,33;0,01
FABÍOLA TAXISTA;AVANTE;NÃO ELEITO;84;1006;8,35;0,01
ALEX FERNANDES;PSOL;SUPLENTE;84;788;10,66;0,01
FERNANDA SCATOLIN;REPUBLICANOS;SUPLENTE;84;222;37,84;0,01
AP WILLY;REPUBLICANOS;SUPLENTE;83;1808;4,59;0,01
CARLINHOS SILVA;PP;SUPLENTE;83;765;10,85;0,01
DR LUCÍLIO FERREIRA;PSOL;SUPLENTE;82;863;9,50;0,01
MUNIR NISS PATRIOTA;PL;SUPLENTE;82;1071;7,66;0,01
EDSON PÁSSARO;PSOL;SUPLENTE;81;1423;5,69;0,01
PROF LUCAS CARVENTE;UP;NÃO ELEITO;80;842;9,50;0,01
MOSHÉ FARIAS;PP;SUPLENTE;80;118;67,80;0,01
PEDRO DA IA;REDE;SUPLENTE;79;627;12,60;0,01
SIGMAR DUPRE;MOBILIZA;NÃO ELEITO;79;723;10,93;0,01
MARZAGÃO;PSD;SUPLENTE;79;2638;2,99;0,01
JULIANA ROSA;PL;SUPLENTE;78;590;13,22;0,01
VANESSA LELLOS;PRTB;NÃO ELEITO;78;711;10,97;0,01
JOÃO PEDREIRO;PRD;NÃO ELEITO;77;80;96,25;0,01
ZÉ TURIN;PRD;NÃO ELEITO;77;5439;1,42;0,01
ANDERSON CRUZ ;PDT;NÃO ELEITO;77;261;29,50;0,01
ITAMAR TAVARES;PSB;SUPLENTE;76;589;12,90;0,01
PADRE NEY SANTOS;MOBILIZA;NÃO ELEITO;76;344;22,09;0,01
BRUNO SATO;REPUBLICANOS;SUPLENTE;75;500;15,00;0,01
FRANCISCO JOSÉ;MOBILIZA;NÃO ELEITO;75;162;46,30;0,01
NAZARÉ BRAGA;PSB;SUPLENTE;74;547;13,53;0,01
SEU GABIN DA CASA DO NORTE;AVANTE;NÃO ELEITO;74;310;23,87;0,01
LEANDRO FREITAS;PODE;SUPLENTE;74;1801;4,11;0,01
AMANDA SANTOS;PRD;NÃO ELEITO;73;915;7,98;0,01
NILCEIA BIANCHINI;NOVO;SUPLENTE;73;199;36,68;0,01
DRA JOSI MENDONÇA;PP;SUPLENTE;73;130;56,15;0,01
BOMBEIRO MOREIRA;SOLIDARIEDADE;NÃO ELEITO;73;211;34,60;0,01
PROF. LINDBERG;DC;NÃO ELEITO;73;780;9,36;0,01
CHRISTIAN LOMBARDI;SOLIDARIEDADE;NÃO ELEITO;73;1667;4,38;0,01
LUÍSA PEREIRA;PSOL;SUPLENTE;72;297;24,24;0,01
PROF MARCIA RAICHER;PSD;SUPLENTE;72;469;15,35;0,01
MANDI DO ROMPER O PODER;PSTU;NÃO ELEITO;72;329;21,88;0,01
BARSOTTI;PRTB;NÃO ELEITO;71;640;11,09;0,01
MARY TEX;MDB;SUPLENTE;71;872;8,14;0,01
ATAIDE DA BANCADA RESISTA ;PDT;NÃO ELEITO;70;572;12,24;0,01
JULIO VERA CRUZ;MDB;SUPLENTE;69;4142;1,67;0,01
ELI ASSISTENTE SOCIAL;PT;SUPLENTE;69;3227;2,14;0,01
DR JADSON MORAES;PSB;SUPLENTE;68;2398;2,84;0,01
RONALDO LINO;PSB;SUPLENTE;68;1065;6,38;0,01
PROF IDALICIO DO COLETIVO LUTE;PSOL;SUPLENTE;68;675;10,07;0,01
JAIR LEAL - CARTA ABERTA;AVANTE;NÃO ELEITO;68;151;45,03;0,01
KAKO NOVELLI;PODE;SUPLENTE;68;655;10,38;0,01
PROFESSOR ADÃO MARIANO;PSDB;NÃO ELEITO;68;2246;3,03;0,01
AUGUSTO RABELO;PSDB;NÃO ELEITO;67;144;46,53;0,01
ADRIANO MOTOBOY;PL;SUPLENTE;67;611;10,97;0,01
100 MIZÉRIA;SOLIDARIEDADE;NÃO ELEITO;67;915;7,32;0,01
ROGERIO ALVES DO NOVO;NOVO;SUPLENTE;67;91;73,63;0,01
MARIA SORIANO;NOVO;SUPLENTE;67;430;15,58;0,01
PEDRO HORTA;PP;SUPLENTE;66;582;11,34;0,01
MARCÃO GCM;MOBILIZA;NÃO ELEITO;66;151;43,71;0,01
RICARDO RAGÚ;PSB;SUPLENTE;65;1683;3,86;0,01
MARÍLIA MIRANDA;REPUBLICANOS;SUPLENTE;65;400;16,25;0,01
DOM SABINO;PDT;NÃO ELEITO;64;135;47,41;0,01
HANNA;PRD;NÃO ELEITO;63;148;42,57;0,01
RENATO DALEFFI;REPUBLICANOS;SUPLENTE;63;1799;3,50;0,01
ADILON SANTOS;PODE;SUPLENTE;62;2612;2,37;0,01
NANY RODRIGUES;UNIÃO;SUPLENTE;61;143;42,66;0,01
ALE DA SAÚDE;SOLIDARIEDADE;NÃO ELEITO;61;1696;3,60;0,01
DR. WALMIR RIGUEIRA;PODE;SUPLENTE;61;3430;1,78;0,01
TONI DO JUDÔ TCC;PRTB;NÃO ELEITO;61;822;7,42;0,01
AGOSTINHO GOMES;PSOL;SUPLENTE;60;442;13,57;0,01
SILVIA NAKANO;REPUBLICANOS;SUPLENTE;60;476;12,61;0,01
LUIZ CASTRO COLETIVO CURA SP;PSB;SUPLENTE;60;924;6,49;0,01
TIÃO DO TENIS;PRD;NÃO ELEITO;59;1210;4,88;0,01
WESLEY SILVESTRE ROSA;PDT;NÃO ELEITO;59;2925;2,02;0,01
MARCO KUROVSKI;PSDB;NÃO ELEITO;58;300;19,33;0,01
FLAVIO CAMPOS;PSDB;NÃO ELEITO;58;230;25,22;0,01
MARIA PAULA;PODE;SUPLENTE;57;448;12,72;0,01
CRIS SIMÕES AVCISTA;PSB;SUPLENTE;57;302;18,87;0,01
MARINA COELHO DA FONSECA;NOVO;SUPLENTE;57;793;7,19;0,01
CHRISTY MUNIZ;PCB;NÃO ELEITO;56;214;26,17;0,01
ROGERIO BOCCIA;NOVO;SUPLENTE;56;880;6,36;0,01
WALTER CIGLIONI;PODE;SUPLENTE;55;238;23,11;0,01
ENFERMEIRA VIVIAN;SOLIDARIEDADE;NÃO ELEITO;55;759;7,25;0,01
RODRIGO ALVAREZ;NOVO;SUPLENTE;55;333;16,52;0,01
ARIS A FISCAL;PSB;SUPLENTE;55;297;18,52;0,01
JULIANA D AGOSTINI;PSD;SUPLENTE;54;473;11,42;0,01
CARLA FIORI;AVANTE;NÃO ELEITO;54;216;25,00;0,01
ARION;PP;SUPLENTE;54;325;16,62;0,01
TEN CORONEL CARDOSO;PP;SUPLENTE;53;999;5,31;0,01
MORENA;SOLIDARIEDADE;NÃO ELEITO;53;63;84,13;0,01
DANI AKAMINE;MDB;SUPLENTE;52;707;7,36;0,01
MARIA SOUSA;PRTB;NÃO ELEITO;52;120;43,33;0,01
FABRINI DA PROTEÇÃO ANIMAL;PRD;NÃO ELEITO;51;2071;2,46;0,00
RICARDO RODRIGUES;PRTB;NÃO ELEITO;51;788;6,47;0,00
RITA GUEDES;PL;SUPLENTE;51;2807;1,82;0,00
PROFESSOR ALEX PASTEL;PODE;SUPLENTE;50;305;16,39;0,00
KELLY DO BASQUETE;PODE;SUPLENTE;50;310;16,13;0,00
JACKSON SANTOS;MDB;SUPLENTE;50;621;8,05;0,00
DANIEL MELO;NOVO;SUPLENTE;49;549;8,93;0,00
ELIS REGINA;PRD;NÃO ELEITO;49;496;9,88;0,00
HELENA SUZUKI;REPUBLICANOS;SUPLENTE;49;454;10,79;0,00
FABÍOLA TATCHER;AVANTE;NÃO ELEITO;49;107;45,79;0,00
RENATA RIBEIRO;PRTB;NÃO ELEITO;49;1347;3,64;0,00
GILSON CAMPOS;REPUBLICANOS;SUPLENTE;49;223;21,97;0,00
JOSÉ ROLIM;PSD;SUPLENTE;48;1498;3,20;0,00
LIGIA RAMOS;MDB;SUPLENTE;48;461;10,41;0,00
ANDRÉA DE PAULA;AVANTE;NÃO ELEITO;48;374;12,83;0,00
ADVOGADO PASTOR ROBERTOBARBOSA;PODE;SUPLENTE;48;118;40,68;0,00
ALEMÃO DO CONSELHO;UNIÃO;SUPLENTE;48;4741;1,01;0,00
NEUDES CARVALHO ;PDT;NÃO ELEITO;48;189;25,40;0,00
PROF LUIZ ALBERTO;PT;SUPLENTE;48;382;12,57;0,00
EDU PERES;NOVO;SUPLENTE;48;406;11,82;0,00
JULIANY REIS;PRD;NÃO ELEITO;47;358;13,13;0,00
LORENA FERNANDES;PSTU;NÃO ELEITO;47;256;18,36;0,00
NATAL LIDER COMUNITÁRIO;PSB;SUPLENTE;46;1004;4,58;0,00
PATETA;PRD;NÃO ELEITO;46;637;7,22;0,00
JOTA MAIA;PDT;NÃO ELEITO;46;521;8,83;0,00
MARA NUNES;AVANTE;NÃO ELEITO;46;704;6,53;0,00
PASTOR  IVANILSON;PDT;NÃO ELEITO;46;545;8,44;0,00
ALDO LIMA;NOVO;SUPLENTE;45;377;11,94;0,00
ROGÉRIO LOPES;AVANTE;NÃO ELEITO;45;271;16,61;0,00
NEZINHO NUNES - RECO;SOLIDARIEDADE;NÃO ELEITO;45;985;4,57;0,00
IOLANDA RUAS;PSD;SUPLENTE;45;240;18,75;0,00
GLAUCE LIMA;PDT;NÃO ELEITO;44;93;47,31;0,00
PASTOR KESLEY PETERSON;PL;SUPLENTE;44;379;11,61;0,00
LEANDRO DO CARMO;PP;SUPLENTE;44;309;14,24;0,00
DR. PAULO SOUZA;MOBILIZA;NÃO ELEITO;44;311;14,15;0,00
NATÁLIA PIMENTA;PCO;NÃO ELEITO;44;233;18,88;0,00
GAMEIRO;NOVO;SUPLENTE;44;916;4,80;0,00
ANGELA MARIA;AGIR;NÃO ELEITO;44;49;89,80;0,00
MÁRIO CORTÊS NAÇÃO MOVIMENTO;PSB;SUPLENTE;42;641;6,55;0,00
MARLENE COSTA;REPUBLICANOS;SUPLENTE;42;297;14,14;0,00
PROF FLEDSON;AVANTE;NÃO ELEITO;42;648;6,48;0,00
IYÁ FERNANDA DE MORAES;PSB;SUPLENTE;41;206;19,90;0,00
TAMIRIS DO NOVO;NOVO;SUPLENTE;41;292;14,04;0,00
CIDA RAIZ ;PSD;SUPLENTE;41;311;13,18;0,00
ALEXANDRE MENDES;NOVO;SUPLENTE;41;232;17,67;0,00
PROFESSOR LUCAS;PSTU;NÃO ELEITO;41;458;8,95;0,00
FLAVIUS;PRTB;NÃO ELEITO;40;458;8,73;0,00
SHIRLEY PALADY;REPUBLICANOS;SUPLENTE;40;445;8,99;0,00
SHIRLEI MOURA;PSB;SUPLENTE;40;299;13,38;0,00
GREGORY FRANÇA;PT;SUPLENTE;40;349;11,46;0,00
ISABEL FOMM;PSD;SUPLENTE;40;120;33,33;0,00
JOÃO BATISTA CAPITAL;PSOL;SUPLENTE;39;548;7,12;0,00
JOSÉ AZEVEDO -  O ZÉ DO BODE;PODE;SUPLENTE;39;707;5,52;0,00
DENISE RIBEIRO;REDE;SUPLENTE;39;260;15,00;0,00
JULIO GURGUEIRA;PSDB;NÃO ELEITO;39;264;14,77;0,00
PROFESSOR AHMAD;DC;NÃO ELEITO;38;346;10,98;0,00
WILSON MELLO;NOVO;SUPLENTE;38;437;8,70;0,00
MÃE FLOR;PDT;NÃO ELEITO;38;224;16,96;0,00
ERICK OVELHA;PSOL;SUPLENTE;38;1530;2,48;0,00
FISCAL DO POVO WELLINGTON;PODE;SUPLENTE;38;2696;1,41;0,00
PRIH MOTORISTA;PT;SUPLENTE;38;330;11,52;0,00
DRA. FERNANDA FELIX;PP;SUPLENTE;37;246;15,04;0,00
ANDERSON ANJOS;REPUBLICANOS;SUPLENTE;37;1279;2,89;0,00
PROFESSOR JOSÉ VALDO;PSB;SUPLENTE;37;1331;2,78;0,00
HELÔ DA EMPATIA;SOLIDARIEDADE;NÃO ELEITO;36;166;21,69;0,00
PROF DULCEVAL SANTANA;NOVO;SUPLENTE;36;321;11,21;0,00
SILVIA DE LUCA;NOVO;SUPLENTE;36;517;6,96;0,00
LIA FRANCESCONI;PSDB;NÃO ELEITO;36;353;10,20;0,00
FERNANDO SANTO FORTE;PP;SUPLENTE;36;113;31,86;0,00
RAFAEL CALIU;PT;SUPLENTE;36;108;33,33;0,00
FERNANDA PAIN;AVANTE;NÃO ELEITO;36;743;4,85;0,00
JORNALISTA WALTER BRITO;PRTB;NÃO ELEITO;35;183;19,13;0,00
LUDMILA BARISO;PL;SUPLENTE;35;550;6,36;0,00
GERSON SANTOS;NOVO;SUPLENTE;35;237;14,77;0,00
MARCIA KITAGAWA;PRTB;NÃO ELEITO;35;273;12,82;0,00
MARCOS MAROLIS;PSOL;SUPLENTE;33;1160;2,84;0,00
ANDRE JURUNA;REDE;SUPLENTE;33;410;8,05;0,00
ESPIGA;PRTB;NÃO ELEITO;33;495;6,67;0,00
MARCIO SANTOS EVENTOS;PL;SUPLENTE;33;441;7,48;0,00
THEREZA FARIA LIMA;NOVO;SUPLENTE;33;808;4,08;0,00
DJALMA CORREA;PDT;NÃO ELEITO;33;1796;1,84;0,00
GRILO;PRTB;NÃO ELEITO;33;787;4,19;0,00
TIAGO NITOPI;MDB;SUPLENTE;33;1140;2,89;0,00
LEO DAS FLORES;PDT;NÃO ELEITO;32;692;4,62;0,00
SERJÃO DA NEGRITUDE;PSB;SUPLENTE;32;843;3,80;0,00
ANDRÉ GAETTA ;PDT;NÃO ELEITO;32;146;21,92;0,00
ALE MIRALLA;PSDB;NÃO ELEITO;32;288;11,11;0,00
ENGENHEIRO JEFFERSON;NOVO;SUPLENTE;32;250;12,80;0,00
MIYA;PDT;NÃO ELEITO;31;162;19,14;0,00
MARCELO G20;SOLIDARIEDADE;NÃO ELEITO;31;998;3,11;0,00
PRETA NASCIMENTO;DC;NÃO ELEITO;31;166;18,67;0,00
ALESSANDRO SANI;NOVO;SUPLENTE;31;412;7,52;0,00
PAULO ANDRADE;UNIÃO;SUPLENTE;30;740;4,05;0,00
LEANDRO CUSSOLINI;PSD;SUPLENTE;29;689;4,21;0,00
DARCIO RICCA;PDT;NÃO ELEITO;29;299;9,70;0,00
MARCIO BORGES;PRTB;NÃO ELEITO;29;187;15,51;0,00
PR MARCOS MARQUITA;PRTB;NÃO ELEITO;29;491;5,91;0,00
VAGNER COELHO;DC;NÃO ELEITO;28;109;25,69;0,00
JEAN TORRE;PRD;NÃO ELEITO;28;403;6,95;0,00
MIRTES GONÇALVES;PSD;SUPLENTE;28;230;12,17;0,00
JAMES LOSACCO;PSDB;NÃO ELEITO;28;708;3,95;0,00
VALTINHO;MDB;SUPLENTE;28;1820;1,54;0,00
EDINALDO BORA;PSDB;NÃO ELEITO;27;67;40,30;0,00
EDSON MARQUES;MDB;SUPLENTE;27;576;4,69;0,00
DR EMERSON RAMAYANA;PSOL;NÃO ELEITO;27;203;13,30;0,00
SÓIRA CELESTINO;PP;SUPLENTE;27;232;11,64;0,00
PAULINHO CHAMA;SOLIDARIEDADE;NÃO ELEITO;27;4656;0,58;0,00
FELIPE FAJARDO;PT;SUPLENTE;27;141;19,15;0,00
LUIZ BALTHAZAR;PRTB;NÃO ELEITO;26;404;6,44;0,00
BIANCA SOARES;PDT;NÃO ELEITO;26;95;27,37;0,00
ELAINE DO POVO;REPUBLICANOS;SUPLENTE;26;461;5,64;0,00
SAMANTHA DIAS;PV;SUPLENTE;26;139;18,71;0,00
ROGÉRIO VASQUEZ;NOVO;SUPLENTE;26;476;5,46;0,00
PRISCILA CAVALCANTE;MDB;SUPLENTE;26;361;7,20;0,00
BORGATO;PL;SUPLENTE;25;337;7,42;0,00
PAULO ROCHA;PSOL;SUPLENTE;25;460;5,43;0,00
MÁRCIA FARIA;PODE;SUPLENTE;25;480;5,21;0,00
RICK MORENO;PSB;SUPLENTE;25;342;7,31;0,00
GENTIL VIGILANTE;AGIR;NÃO ELEITO;25;58;43,10;0,00
SILVIA MARQUES;PSDB;NÃO ELEITO;25;245;10,20;0,00
MARCELO ARAUJO;DC;NÃO ELEITO;24;179;13,41;0,00
BATISTA DO PP;PP;SUPLENTE;24;580;4,14;0,00
MACARRÃO;PT;SUPLENTE;24;1548;1,55;0,00
CABO RONALDO GALDINO;MOBILIZA;NÃO ELEITO;24;375;6,40;0,00
ELDER THOMASI;DC;NÃO ELEITO;24;140;17,14;0,00
JULIO CAIRES;PP;SUPLENTE;24;178;13,48;0,00
GUIROPA;REPUBLICANOS;SUPLENTE;24;735;3,27;0,00
RENATO BANCADA ANTICAPITALISTA;PSTU;NÃO ELEITO;24;166;14,46;0,00
GABRIEL MARROM;PRD;NÃO ELEITO;24;155;15,48;0,00
MISSIONÁRIA MAGNA PET;PRTB;NÃO ELEITO;24;450;5,33;0,00
VANIA DA PAIXÃO;REPUBLICANOS;SUPLENTE;23;759;3,03;0,00
PROF SANTIAGO;AVANTE;NÃO ELEITO;23;2299;1,00;0,00
VANESSA ORSINI;PSDB;NÃO ELEITO;23;119;19,33;0,00
WELL;PRD;NÃO ELEITO;23;239;9,62;0,00
ENFERMEIRA EDITH FERREIRA;SOLIDARIEDADE;NÃO ELEITO;23;154;14,94;0,00
LUCIO ESCUDERO;PMB;NÃO ELEITO;23;100;23,00;0,00
STEFANO PORTO PERES;NOVO;SUPLENTE;23;219;10,50;0,00
DIMAS WILLIS;CIDADANIA;NÃO ELEITO;23;108;21,30;0,00
RONI MIGUEL;PV;SUPLENTE;22;947;2,32;0,00
ANDRÉ VILÃO;PRD;NÃO ELEITO;22;174;12,64;0,00
MARCIO FONTES;DC;NÃO ELEITO;22;62;35,48;0,00
RONALDO MARTINS;REPUBLICANOS;SUPLENTE;22;358;6,15;0,00
PROF FRANKLIN;PSDB;NÃO ELEITO;22;359;6,13;0,00
PASTORA ANA;PODE;SUPLENTE;21;524;4,01;0,00
SONIA MARIA;PRTB;NÃO ELEITO;21;242;8,68;0,00
MARCOS OLIVER ;PSD;SUPLENTE;21;160;13,13;0,00
GERSON FARIA DE SÁ;SOLIDARIEDADE;NÃO ELEITO;21;153;13,73;0,00
ZENALDO TORRES;NOVO;SUPLENTE;21;338;6,21;0,00
SOL LIMA;NOVO;SUPLENTE;21;233;9,01;0,00
WAGNER BRITO;NOVO;SUPLENTE;21;375;5,60;0,00
RAFAEL DI MOREIRA;REPUBLICANOS;SUPLENTE;20;198;10,10;0,00
RICARDO CORDEIRO;PP;SUPLENTE;20;287;6,97;0,00
JHOU DR DO POVO;PDT;NÃO ELEITO;20;960;2,08;0,00
GISELE BATISTA;PSDB;NÃO ELEITO;20;108;18,52;0,00
CABO MÁXIMO;AVANTE;NÃO ELEITO;20;705;2,84;0,00
ANADETHY CARAVANISTA;MDB;SUPLENTE;20;1462;1,37;0,00
FERNANDO GARCIA;PP;SUPLENTE;20;233;8,58;0,00
JARDEL BARROS;AVANTE;NÃO ELEITO;19;1157;1,64;0,00
CRISTIANE AQUINO;PRD;NÃO ELEITO;19;236;8,05;0,00
CLAUDIO FRANÇA;PRTB;NÃO ELEITO;19;613;3,10;0,00
GISELE CASARIN;MOBILIZA;NÃO ELEITO;19;112;16,96;0,00
FALCÃO DA PISCINA;MDB;SUPLENTE;19;565;3,36;0,00
RONALDO GAMA;PSDB;NÃO ELEITO;19;32;59,38;0,00
MAURÍCIO DE MELO RIBEIRO;PSOL;SUPLENTE;19;286;6,64;0,00
MADALENA CARVALHO/ MADÁ;SOLIDARIEDADE;NÃO ELEITO;19;227;8,37;0,00
FRANCISCO ALVES;MOBILIZA;NÃO ELEITO;19;232;8,19;0,00
HIRYAN LIRA;PRD;NÃO ELEITO;19;687;2,77;0,00
CARMEN GÈRALDI;PL;SUPLENTE;19;218;8,72;0,00
SÉRGIO SALMENTRO;SOLIDARIEDADE;NÃO ELEITO;19;737;2,58;0,00
FLEXA;AVANTE;NÃO ELEITO;19;133;14,29;0,00
ENFERMEIRA MARIA LÚCIA;PODE;SUPLENTE;19;590;3,22;0,00
DR EMERSON ROSA;NOVO;SUPLENTE;19;1067;1,78;0,00
MAGAYVER;AVANTE;NÃO ELEITO;18;343;5,25;0,00
GILMARA VANZO;PP;SUPLENTE;18;89;20,22;0,00
SANDRA NAVAJAS;PDT;NÃO ELEITO;18;121;14,88;0,00
GLAUCIA SANTANA;UNIÃO;SUPLENTE;18;598;3,01;0,00
WALNEY ARAUJO;AVANTE;NÃO ELEITO;18;142;12,68;0,00
AMITABH RANJAN;REPUBLICANOS;SUPLENTE;18;128;14,06;0,00
SELMER;MOBILIZA;NÃO ELEITO;18;184;9,78;0,00
MARCOS VANUCCI;MOBILIZA;NÃO ELEITO;18;146;12,33;0,00
WC WALTER CARVALHO;NOVO;SUPLENTE;18;141;12,77;0,00
SHEILA SANTANA;MDB;SUPLENTE;17;362;4,70;0,00
WAGNER GOMES;REPUBLICANOS;SUPLENTE;17;483;3,52;0,00
HAROLD THAU;PSDB;NÃO ELEITO;17;249;6,83;0,00
DANILO DA CUNHA;NOVO;SUPLENTE;17;227;7,49;0,00
RENATA DEL BIANCO;PP;SUPLENTE;17;121;14,05;0,00
JESS TAPIA;NOVO;SUPLENTE;17;237;7,17;0,00
CARLOS ANDRE;PSDB;NÃO ELEITO;17;146;11,64;0,00
REGINA DO BEM;PL;SUPLENTE;17;292;5,82;0,00
TIA RÔ;MOBILIZA;NÃO ELEITO;17;261;6,51;0,00
PROFESSOR PAULO FARIA;PSDB;NÃO ELEITO;17;344;4,94;0,00
MAURÍCIO TUFIÑO;AVANTE;NÃO ELEITO;16;113;14,16;0,00
LEANDRO LOURENÇO;MOBILIZA;NÃO ELEITO;16;154;10,39;0,00
PR. E PROF. WALDIR;PSB;SUPLENTE;16;704;2,27;0,00
CÂNDIDO DUARTE;PT;SUPLENTE;16;99;16,16;0,00
MARCELO SAÚDE;PSB;SUPLENTE;16;1704;0,94;0,00
BILLY JACKSON;PRTB;NÃO ELEITO;16;262;6,11;0,00
GILBERTO SOUZA;NOVO;SUPLENTE;16;316;5,06;0,00
PATRICIA CARVALHO;PRTB;NÃO ELEITO;16;492;3,25;0,00
DR QUINTEIRO;PSD;SUPLENTE;16;772;2,07;0,00
CICERO SILVA;PRTB;NÃO ELEITO;16;867;1,85;0,00
JORGILENE ALVES;MOBILIZA;NÃO ELEITO;16;27;59,26;0,00
GUILHERME BARDAUIL;SOLIDARIEDADE;NÃO ELEITO;15;266;5,64;0,00
BETO MAGRÃO;PSDB;NÃO ELEITO;15;381;3,94;0,00
RENAN HOMI;PSDB;NÃO ELEITO;15;98;15,31;0,00
ELIANA FAZANNI;PSD;SUPLENTE;15;156;9,62;0,00
RODRIGO FAZITO;PMB;NÃO ELEITO;15;29;51,72;0,00
SARGENTO JANDERSON;PRD;NÃO ELEITO;15;477;3,14;0,00
AILTON BATISTA;AVANTE;NÃO ELEITO;15;103;14,56;0,00
TOM DA SAÚDE;PRD;NÃO ELEITO;15;2047;0,73;0,00
WELINGTON REIS;PSB;SUPLENTE;15;314;4,78;0,00
JAJA TORRES;SOLIDARIEDADE;NÃO ELEITO;15;483;3,11;0,00
SIDNEI SILVA;PSDB;NÃO ELEITO;15;132;11,36;0,00
FORRÓ;SOLIDARIEDADE;NÃO ELEITO;15;149;10,07;0,00
EDUARDO SANTOS;AVANTE;NÃO ELEITO;15;274;5,47;0,00
ALOISIO SILVA;AVANTE;NÃO ELEITO;15;127;11,81;0,00
PROF MICHELETTI;PRTB;NÃO ELEITO;15;148;10,14;0,00
EDINALDO DO CARMO;MOBILIZA;NÃO ELEITO;14;227;6,17;0,00
ENGENHEIRO CIDO;PRTB;NÃO ELEITO;14;390;3,59;0,00
RUBENS PAVÃO;DC;NÃO ELEITO;14;190;7,37;0,00
GIAN HILLER;AVANTE;NÃO ELEITO;14;381;3,67;0,00
VIVIANE PROCOPIO;MDB;SUPLENTE;14;669;2,09;0,00
RAIMUNDO BARBOSA;PSDB;NÃO ELEITO;14;509;2,75;0,00
JORNALISTA GOIABEIRA;PP;SUPLENTE;14;516;2,71;0,00
LUCIANA ALMEIDA ;PDT;NÃO ELEITO;14;536;2,61;0,00
LEILA TROFINO;NOVO;SUPLENTE;14;126;11,11;0,00
ALTAVISTA;DC;NÃO ELEITO;14;52;26,92;0,00
CICERA MARIA;PT;SUPLENTE;14;326;4,29;0,00
DANILO ISRAEL;PSDB;NÃO ELEITO;14;105;13,33;0,00
SILVÂNIA SUPERAÇÃO;AVANTE;NÃO ELEITO;13;225;5,78;0,00
ANDRE COSTA;PRD;NÃO ELEITO;13;113;11,50;0,00
STEFANIA ROBUSTELLI;PCO;NÃO ELEITO;13;62;20,97;0,00
BEDIAN BEVILLE;DC;NÃO ELEITO;13;159;8,18;0,00
DR CARLOS ROBERTO;PSB;SUPLENTE;13;76;17,11;0,00
G. BLACK;PRD;NÃO ELEITO;13;832;1,56;0,00
OSMAR SOSSAI;DC;NÃO ELEITO;13;255;5,10;0,00
MAILSON SILVA;CIDADANIA;NÃO ELEITO;13;243;5,35;0,00
ALINE RIO;MOBILIZA;NÃO ELEITO;13;294;4,42;0,00
MÁRCIA LIMA;SOLIDARIEDADE;NÃO ELEITO;12;124;9,68;0,00
MARTA BARROS;AVANTE;NÃO ELEITO;12;205;5,85;0,00
STEFANNO MALUF;PT;SUPLENTE;12;156;7,69;0,00
CLÁUDIO VIEIRA;AVANTE;NÃO ELEITO;12;225;5,33;0,00
MARIA ANGELA;PCO;NÃO ELEITO;12;53;22,64;0,00
CESAR LONGARES;DC;NÃO ELEITO;12;54;22,22;0,00
CRISTIANE NAOMI;REPUBLICANOS;SUPLENTE;12;283;4,24;0,00
DAVI BENEDITO;PRD;NÃO ELEITO;12;265;4,53;0,00
PROFESSOR ZÉ CARLOS;PODE;SUPLENTE;11;1265;0,87;0,00
ANNIE BOWER;PSDB;NÃO ELEITO;11;87;12,64;0,00
SONIA MARANHÃO;NOVO;SUPLENTE;11;179;6,15;0,00
PR. EDUARDO BARBOSA;PSOL;SUPLENTE;11;1372;0,80;0,00
ZÉ DA FILADELFIA;PL;SUPLENTE;11;155;7,10;0,00
LAYANE SANTIAGO;PL;SUPLENTE;11;501;2,20;0,00
MOEMA ARRUDA;PDT;NÃO ELEITO;11;201;5,47;0,00
MEDAGLIA;PSDB;NÃO ELEITO;11;170;6,47;0,00
KUKA;PODE;SUPLENTE;11;496;2,22;0,00
DANIELA BRAGA;PSDB;NÃO ELEITO;11;295;3,73;0,00
NEGRO EDSON;SOLIDARIEDADE;NÃO ELEITO;11;502;2,19;0,00
ANDREIA DA FARMÁCIA;SOLIDARIEDADE;NÃO ELEITO;11;158;6,96;0,00
ROSI SILVA;AVANTE;NÃO ELEITO;11;67;16,42;0,00
MICHELLE GIARDINA;AVANTE;NÃO ELEITO;11;131;8,40;0,00
RENATA PACCOLA;PSDB;NÃO ELEITO;11;81;13,58;0,00
JEFFERSON PEDRO;PL;SUPLENTE;11;184;5,98;0,00
JAIRO ANZILEIRO ;PDT;NÃO ELEITO;11;72;15,28;0,00
VITORIA BOLINHA CURY;DC;NÃO ELEITO;11;49;22,45;0,00
DR SAMIR DIB;NOVO;SUPLENTE;10;175;5,71;0,00
RENILDA FERRARI;MDB;SUPLENTE;10;116;8,62;0,00
DR. EDEN;PRD;NÃO ELEITO;10;61;16,39;0,00
BICUDO;AVANTE;NÃO ELEITO;10;2198;0,45;0,00
GERALDO NÓBREGA;PSB;SUPLENTE;10;671;1,49;0,00
RICARDO AUGUSTO;PRD;NÃO ELEITO;10;270;3,70;0,00
DENISE ALVES;PRD;NÃO ELEITO;10;63;15,87;0,00
RODRIGO LOBÃO;MOBILIZA;NÃO ELEITO;10;353;2,83;0,00
GRAÇA SANTANA;DC;NÃO ELEITO;10;100;10,00;0,00
TIO WALTINHO ;AVANTE;NÃO ELEITO;10;1489;0,67;0,00
PROF HAIDÉE;AVANTE;NÃO ELEITO;10;555;1,80;0,00
ÂNGELA BARBOSA;SOLIDARIEDADE;NÃO ELEITO;10;49;20,41;0,00
MARCELO ALMEIDA;PRD;NÃO ELEITO;10;442;2,26;0,00
JANE MAIRÃO;PSDB;NÃO ELEITO;10;91;10,99;0,00
JAQUE PETROVIK;UNIÃO;SUPLENTE;10;365;2,74;0,00
BOKINHA;SOLIDARIEDADE;NÃO ELEITO;10;1584;0,63;0,00
COLETIVO PASTORA LILIAN ALVES;REPUBLICANOS;SUPLENTE;10;608;1,64;0,00
TOM MOURA;SOLIDARIEDADE;NÃO ELEITO;9;79;11,39;0,00
GORETE SILVA;SOLIDARIEDADE;NÃO ELEITO;9;168;5,36;0,00
BAHIA NASCIMENTO;PSB;NÃO ELEITO;9;335;2,69;0,00
RENE NUNES;PSDB;NÃO ELEITO;9;140;6,43;0,00
ELIENE RIBEIRO;PP;SUPLENTE;9;59;15,25;0,00
CHRIS BONI;PP;SUPLENTE;9;288;3,13;0,00
DESTRO;PP;SUPLENTE;9;233;3,86;0,00
JULIANA PIRES;REPUBLICANOS;SUPLENTE;9;405;2,22;0,00
ANDRÉ MINEIRO - SAÚDE;MOBILIZA;NÃO ELEITO;9;881;1,02;0,00
REGINA MACHADO (DA ELECTRIL);PODE;SUPLENTE;9;221;4,07;0,00
ROGERIO MUNHOZ;PT;SUPLENTE;9;215;4,19;0,00
MARCIA VALERIA;PRD;NÃO ELEITO;9;136;6,62;0,00
VILMINHA POETA;PSD;SUPLENTE;9;144;6,25;0,00
DR. VALDEMIR SANTOS;AGIR;NÃO ELEITO;8;162;4,94;0,00
PASTOR DIEGO REIS;REPUBLICANOS;NÃO ELEITO;8;697;1,15;0,00
MESSIAS DA OFICINA;PRTB;NÃO ELEITO;8;293;2,73;0,00
VINA FERRAZ;PP;SUPLENTE;8;60;13,33;0,00
ALE MARQUES;PODE;SUPLENTE;8;108;7,41;0,00
WASHINGTON SERAFIM;DC;NÃO ELEITO;8;483;1,66;0,00
MARIZE RIBEIRO;PDT;NÃO ELEITO;8;222;3,60;0,00
CAIO SPINA;MOBILIZA;NÃO ELEITO;8;78;10,26;0,00
KÉKÉ ESPETINHOS;PODE;SUPLENTE;8;1034;0,77;0,00
REGINA MATOS;SOLIDARIEDADE;NÃO ELEITO;8;576;1,39;0,00
KELLZINHA;PSDB;NÃO ELEITO;8;70;11,43;0,00
FERNANDO MANSO;PRD;NÃO ELEITO;8;1813;0,44;0,00
EDNA YAMADA;REDE;SUPLENTE;8;505;1,58;0,00
WESLEY ROCHA;PRD;NÃO ELEITO;7;664;1,05;0,00
MARIA JOSÉ ALEIXO;NOVO;SUPLENTE;7;67;10,45;0,00
SAMUEL DA VINTE E SETE;PSOL;SUPLENTE;7;774;0,90;0,00
HELOISA ZAGATO;PMB;NÃO ELEITO;7;138;5,07;0,00
SEGURANÇA NALVA;AVANTE;NÃO ELEITO;7;148;4,73;0,00
VILANI;PODE;SUPLENTE;7;304;2,30;0,00
FILIPE BASSI;PT;SUPLENTE;7;31;22,58;0,00
YES DA ZL;SOLIDARIEDADE;NÃO ELEITO;7;530;1,32;0,00
MARCIO ROBERTO OLIVEIRA;PCO;NÃO ELEITO;7;37;18,92;0,00
DORINHA ALVES;PDT;NÃO ELEITO;7;420;1,67;0,00
SARAH BRASIL;PMB;NÃO ELEITO;7;66;10,61;0,00
LUIZ ROCHA;PRTB;NÃO ELEITO;7;279;2,51;0,00
LEÃO JR;PSD;SUPLENTE;7;33;21,21;0,00
NALVA LIMA;PRD;NÃO ELEITO;7;221;3,17;0,00
ANDREIA FREDERICO;MOBILIZA;NÃO ELEITO;7;49;14,29;0,00
SUSANA LAMBERT;PSD;SUPLENTE;7;77;9,09;0,00
ANTONIO CARLOS PEGADINHA;DC;NÃO ELEITO;7;39;17,95;0,00
BETH DA COMUNIDADE;PODE;SUPLENTE;7;395;1,77;0,00
FABINHO ROCHA;AVANTE;NÃO ELEITO;7;460;1,52;0,00
CIDINHA CARAÇA;PL;SUPLENTE;7;161;4,35;0,00
ALZIRA FORÇA;PP;NÃO ELEITO;7;55;12,73;0,00
L FRANÇA;NOVO;SUPLENTE;6;63;9,52;0,00
TELIS RIOS 13DASUL;SOLIDARIEDADE;NÃO ELEITO;6;75;8,00;0,00
FABRICIA METNE;REPUBLICANOS;SUPLENTE;6;177;3,39;0,00
EDUARDO SILVA;PRTB;NÃO ELEITO;6;137;4,38;0,00
FÁBIO MOREIRA;AVANTE;NÃO ELEITO;6;264;2,27;0,00
BETO DA LESTE;AVANTE;NÃO ELEITO;6;161;3,73;0,00
MAY PEIXOTO;PRD;NÃO ELEITO;6;117;5,13;0,00
BÊNER;SOLIDARIEDADE;NÃO ELEITO;6;223;2,69;0,00
NEUMA VIANA;MOBILIZA;NÃO ELEITO;6;89;6,74;0,00
ANDREZINHO DO VERGUEIRO;SOLIDARIEDADE;NÃO ELEITO;6;604;0,99;0,00
FACCAS;PDT;NÃO ELEITO;6;44;13,64;0,00
ODILIA SOUSA;PRD;NÃO ELEITO;6;246;2,44;0,00
TIA CONCEIÇÃO DA EMEI;CIDADANIA;NÃO ELEITO;5;211;2,37;0,00
SÉRGIO FERNANDES;SOLIDARIEDADE;NÃO ELEITO;5;370;1,35;0,00
JANIEIRE SILVA;NOVO;SUPLENTE;5;99;5,05;0,00
PASTOR CONSTANTINO;AVANTE;NÃO ELEITO;5;99;5,05;0,00
DANIEL CORDEIRO RESOLVE;PSDB;NÃO ELEITO;5;75;6,67;0,00
PROFESSORA MARILENE ADÉLIA;PDT;NÃO ELEITO;5;851;0,59;0,00
VAL DUTRA PODÓLOGA;PODE;SUPLENTE;5;722;0,69;0,00
MÁRCINHA ARAÚJO;MOBILIZA;NÃO ELEITO;5;191;2,62;0,00
VITÓRIA MARIANO;SOLIDARIEDADE;NÃO ELEITO;5;71;7,04;0,00
UBIRATAN;PRD;NÃO ELEITO;5;210;2,38;0,00
PROFESSOR ALVES;PRD;NÃO ELEITO;5;1158;0,43;0,00
VAGNER FERNANDES;SOLIDARIEDADE;NÃO ELEITO;5;1470;0,34;0,00
LINA SANTOS;PSOL;SUPLENTE;5;178;2,81;0,00
REGINA MARIANO;AVANTE;NÃO ELEITO;5;25;20,00;0,00
BRÍGIDA CAIRES;SOLIDARIEDADE;NÃO ELEITO;5;72;6,94;0,00
TONINHO ADB;PL;SUPLENTE;5;280;1,79;0,00
MARCIA MARECO;PP;SUPLENTE;5;508;0,98;0,00
ANDERSON DALONSO;MOBILIZA;NÃO ELEITO;5;162;3,09;0,00
MANOEL DE FARIAS;PRD;NÃO ELEITO;5;252;1,98;0,00
RONALDO BARRETO;PRTB;NÃO ELEITO;5;192;2,60;0,00
MARLENE RAMOS;PRD;NÃO ELEITO;4;146;2,74;0,00
DORINHA CHAVES;PP;SUPLENTE;4;18;22,22;0,00
RONI DA LIMPEZA;PSD;SUPLENTE;4;999;0,40;0,00
TERESA EYMAEL;DC;NÃO ELEITO;4;20;20,00;0,00
JÚLIO RODRIGUES;UNIÃO;SUPLENTE;4;74;5,41;0,00
ARMANDO BARBOSA;PSDB;NÃO ELEITO;4;167;2,40;0,00
EDY SIRINO;MOBILIZA;NÃO ELEITO;4;29;13,79;0,00
FABIOLA SANTELLO;SOLIDARIEDADE;NÃO ELEITO;4;255;1,57;0,00
PAULO ZEFERINO;PRTB;NÃO ELEITO;4;241;1,66;0,00
DAISY MUNIZ;PCO;NÃO ELEITO;4;26;15,38;0,00
ELI GARI;MOBILIZA;NÃO ELEITO;4;89;4,49;0,00
DAOUD ZAPAROLI;PCO;NÃO ELEITO;4;30;13,33;0,00
SILVIA SOL;PRD;NÃO ELEITO;4;199;2,01;0,00
HILDA FURACÃO;CIDADANIA;NÃO ELEITO;4;165;2,42;0,00
REGIS;DC;NÃO ELEITO;4;25;16,00;0,00
VIVIAN MANTOAN;AVANTE;NÃO ELEITO;4;104;3,85;0,00
BISPA JUSTA;DC;NÃO ELEITO;4;98;4,08;0,00
ANDERSON ALFA;MOBILIZA;NÃO ELEITO;3;79;3,80;0,00
LUIZÃO DA COMUNIDADE;AVANTE;NÃO ELEITO;3;575;0,52;0,00
ROBERIO BENEDITO;PMB;NÃO ELEITO;3;122;2,46;0,00
JEFFERSON SILVA;DC;NÃO ELEITO;3;37;8,11;0,00
VERA PRAJANO;PSDB;NÃO ELEITO;3;17;17,65;0,00
DEUSDETE ASSUNÇÃO;AVANTE;NÃO ELEITO;3;400;0,75;0,00
KEKINHA BUDA;UNIÃO;SUPLENTE;3;989;0,30;0,00
VERA FRANÇA;AGIR;NÃO ELEITO;3;63;4,76;0,00
PAULO CAINÉ;MOBILIZA;NÃO ELEITO;3;190;1,58;0,00
NATTAN FERREIRA;DC;NÃO ELEITO;3;78;3,85;0,00
DAMACENA;PDT;NÃO ELEITO;3;348;0,86;0,00
MARCELO BRASIL;PDT;NÃO ELEITO;2;252;0,79;0,00
LENYNHA OLIVEIRA;PRD;NÃO ELEITO;2;100;2,00;0,00
ELIEL ALVES;PODE;SUPLENTE;2;907;0,22;0,00
PATRICIA TANI;DC;NÃO ELEITO;2;15;13,33;0,00
RAIMUNDO NONATO;PRTB;NÃO ELEITO;2;433;0,46;0,00
DRA. ROSANGELA MAGLIARELLI;MOBILIZA;NÃO ELEITO;2;82;2,44;0,00
LUANA TAKADA;PODE;SUPLENTE;2;112;1,79;0,00
MADALENA DADA;PRD;NÃO ELEITO;2;96;2,08;0,00
EDITE CUNHA;PSDB;NÃO ELEITO;2;17;11,76;0,00
DRA. MARISTELA;DC;NÃO ELEITO;2;9;22,22;0,00
MAGRÃO;PMB;NÃO ELEITO;2;6;33,33;0,00
SILVIO ABENÇOADO ;PDT;NÃO ELEITO;2;277;0,72;0,00
MARISA BIERRENBACH BLANDY;PSD;SUPLENTE;2;104;1,92;0,00
ERIC COSTA;PRD;NÃO ELEITO;1;353;0,28;0,00
PASTORA CIDA TUTIA;MOBILIZA;NÃO ELEITO;1;45;2,22;0,00
MAURO SOUZA;PCO;NÃO ELEITO;1;10;10,00;0,00
DRA CRISTINA SANTIAGO;PRD;NÃO ELEITO;1;18;5,56;0,00
DRA QUELIN SOBIESKI;AVANTE;NÃO ELEITO;1;113;0,88;0,00
ADONIAS VIEIRA;DC;NÃO ELEITO;1;158;0,63;0,00
CARLOS AUGUSTO;PCO;NÃO ELEITO;1;25;4,00;0,00
BP. SONIA RIBEIRO;PRD;NÃO ELEITO;1;16;6,25;0,00
IZAIAS MOTORISTA;AGIR;NÃO ELEITO;1;177;0,56;0,00
JORGE BALEIA;MOBILIZA;NÃO ELEITO;1;193;0,52;0,00
BIRA;DC;NÃO ELEITO;1;72;1,39;0,00
ITAMAR BARONI;MOBILIZA;NÃO ELEITO;1;194;0,52;0,00
ROSILEI AMARAL;PMB;NÃO ELEITO;1;10;10,00;0,00